school_name,email_address,principal_name
NATIONAL JUNIOR COLLEGE,NJC@MOE.EDU.SG,MR ANG POW CHEW
TEMASEK JUNIOR COLLEGE,TEMASEK_JC@MOE.EDU.SG,MDM SIM AY NAR
JURONG JUNIOR COLLEGE,jjc@moe.edu.sg,DR HANG KIM HOO
ANDERSON JUNIOR COLLEGE,anderson_jc@moe.edu.sg,MISS TAY LAI LING
VICTORIA JUNIOR COLLEGE,victoria_jc@moe.edu.sg,MISS EK SOO BEN
YISHUN JUNIOR COLLEGE,YISHUN_JC@MOE.EDU.SG,MRS EDELWEIS NEO
TAMPINES JUNIOR COLLEGE,tpjc@moe.edu.sg,MISS YOONG NYOK KE PAMELA
SERANGOON JUNIOR COLLEGE,srjc@moe.edu.sg,MR MANOGARAN S/O SUPPIAH
PIONEER JUNIOR COLLEGE,PJC@MOE.EDU.SG,MDM KEK LEE YONG
MERIDIAN JUNIOR COLLEGE,meridian_jc@moe.edu.sg,MR LIM YAN HOCK
INNOVA JUNIOR COLLEGE,innova_jc@moe.edu.sg,MR MICHAEL DE SILVA
EUNOIA JUNIOR COLLEGE,na,MDM CHEANG MEI HENG
CATHOLIC JUNIOR COLLEGE,catholic_jc@moe.edu.sg,MDM CHUA SUAN GEK PHYLLIS
ANGLO-CHINESE JUNIOR COLLEGE,acjc@acjc.edu.sg,MISS CHONG CHOY HOONG BEATRICE
ST. ANDREW'S JUNIOR COLLEGE,sajc@moe.edu.sg,MR LO KHEE TIAN MARK
NANYANG JUNIOR COLLEGE,nyjc@moe.edu.sg,MR KWEK HIOK CHUANG
HWA CHONG INSTITUTION,admin@hci.edu.sg,DR HON CHIEW WENG
MILLENNIA INSTITUTE,millennia_inst@moe.edu.sg,MRS TAN WAN YU
BUKIT PANJANG PRIMARY SCHOOL,BPPS@MOE.EDU.SG,MR BUCKTHA SEELAN
HAIG GIRLS' SCHOOL,HAIGGIRLSSCH@MOE.EDU.SG,MISS LO YEN NIE
TECK WHYE PRIMARY SCHOOL,twps@moe.edu.sg,MR SURAJ NAIR S/O VENUGOPAL
JURONG PRIMARY SCHOOL,JPS@MOE.EDU.SG,MRS MANOKARA SUGUNAVATHI
QUEENSTOWN PRIMARY SCHOOL,qtps@moe.edu.sg,MISS NG POR JOO PEARLY
RADIN MAS PRIMARY SCHOOL,rmps@moe.edu.sg,MRS WONG SIEW SHAN
RAFFLES GIRLS' PRIMARY SCHOOL,RGPS@MOE.EDU.SG,MRS YUE YOKE MUN NEE WAI
ROSYTH SCHOOL,rosyth_sch@moe.edu.sg,MDM ELIS TAN LEE CHING
DAMAI PRIMARY SCHOOL,DAMAI_PS@MOE.EDU.SG,MDM LEE LAY SEE/ MRS LAY SEE NEUFELD
FUHUA PRIMARY SCHOOL,fhps@moe.edu.sg,MR PHUA KIA WANG
WOODLANDS PRIMARY SCHOOL,wdp@moe.edu.sg,MISS TAN SIN WEI WINNIE
EUNOS PRIMARY SCHOOL,eunos_ps@moe.edu.sg,MDM PHUA YIN LIN GRACE
HENRY PARK PRIMARY SCHOOL,HPPS@MOE.EDU.SG,MR CHIA SOO KENG
BENDEMEER PRIMARY SCHOOL,BENDEMEER_PS@MOE.EDU.SG,MR TAN SIEW TIONG
CORPORATION PRIMARY SCHOOL,cps@moe.edu.sg,MRS JENNIFER PANG CHEE CHYN
YIO CHU KANG PRIMARY SCHOOL,admin_yckps@moe.edu.sg,MR NG AIK BOON
BLANGAH RISE PRIMARY SCHOOL,BRPS@MOE.EDU.SG,MR OU EN TIEN MATTHEW
ANG MO KIO PRIMARY SCHOOL,AMKPS@MOE.EDU.SG,MR CHEW MUN WAI
MAYFLOWER PRIMARY SCHOOL,MAYFLOWER_PS@MOE.EDU.SG,MRS LIM- CHUA SIOW LING
TECK GHEE PRIMARY SCHOOL,tgps@moe.edu.sg,MDM CHUA PEI PEI
TEMASEK PRIMARY SCHOOL,temasek_ps@moe.edu.sg,MR FRANCIS FOO
SI LING PRIMARY SCHOOL,SLPS@MOE.EDU.SG,MR LIM CHEW HIONG RICHARD
JING SHAN PRIMARY SCHOOL,jsps@moe.edu.sg,MDM GOH MEEI YUNN
DA QIAO PRIMARY SCHOOL,dqps@moe.edu.sg,MRS JOYCE ANG
YISHUN PRIMARY SCHOOL,YPS@MOE.EDU.SG,MRS YEE-TOH GEK KHIAW
STAMFORD PRIMARY SCHOOL,STAMFORD_PS@MOE.EDU.SG,MR ONG THIAM HUAT ROBIN
FERNVALE PRIMARY SCHOOL,fernvale_ps@moe.edu.sg,MDM BALAKRISHNA VYJANTHIMALA
EAST COAST PRIMARY SCHOOL,ecps@moe.edu.sg,MDM JESSIE LIM CHIEN CHIN
TOWNSVILLE PRIMARY SCHOOL,TOWNSVILLEPS@MOE.EDU.SG,MR TAN BOON HONG VICTOR
RULANG PRIMARY SCHOOL,RULANG_PS@MOE.EDU.SG,MR ONG KAI TIONG EUGENE
QIFA PRIMARY SCHOOL,QIFA_PS@MOE.EDU.SG,MDM MAY TAN MUI GEE
ZHANGDE PRIMARY SCHOOL,ZHANGDE_PS@MOE.EDU.SG,MISS LOH SING HUAY
TAMPINES PRIMARY SCHOOL,TPPS@MOE.EDU.SG,MISS VERONICA TAY BENG ENG
CHONGZHENG PRIMARY SCHOOL,czps@moe.edu.sg,MDM WONG LIN LIN AUDREY
XINGHUA PRIMARY SCHOOL,XINGHUA_PS@MOE.EDU.SG,MDM CHANDRIKA D/O GOPAL
JIEMIN PRIMARY SCHOOL,jiemin_ps@moe.edu.sg,MISS CHEAH POH LIAN
FUCHUN PRIMARY SCHOOL,FCPS@MOE.EDU.SG,MRS YAP DAI JEE
BUKIT VIEW PRIMARY SCHOOL,bukitview_ps@moe.edu.sg,MDM KOH YUEN CHOO
CEDAR PRIMARY SCHOOL,CEDAR_PS@MOE.EDU.SG,MRS SARA DE SOUZA
OPERA ESTATE PRIMARY SCHOOL,oeps@moe.edu.sg,MDM LOE LAI PINK
RIVER VALLEY PRIMARY SCHOOL,rvps@moe.edu.sg,MDM WONG LI PENG
TELOK KURAU PRIMARY SCHOOL,telokkuraups@moe.edu.sg,MDM CHARIS WONG
YUMIN PRIMARY SCHOOL,YUMIN_PS@MOE.EDU.SG,MDM CHILUKURI DIMPS RAO
SHUQUN PRIMARY SCHOOL,sqps@moe.edu.sg,MISS GEETHA D/O DORAISAMY
GAN ENG SENG PRIMARY SCHOOL,gesps@moe.edu.sg,MR ONG LYE WHATT
GONGSHANG PRIMARY SCHOOL,GSPS@MOE.EDU.SG,"MDM KOK CHOW HIONG, JACKIE"
HUAMIN PRIMARY SCHOOL,huamin_ps@moe.edu.sg,MDM NOORISMAWATY BTE ISMAIL
XISHAN PRIMARY SCHOOL,XISHAN_PS@MOE.EDU.SG,MDM TANG WAI PENG
PRINCESS ELIZABETH PRIMARY SCHOOL,PEPS@MOE.EDU.SG,MDM MOLIAH BINTE HASHIM
DAZHONG PRIMARY SCHOOL,dazhong_ps@moe.edu.sg,MDM YAP SIU LIN
BEDOK GREEN PRIMARY SCHOOL,bgps@moe.edu.sg,MRS NG KIM CHOO CELINE
LIANHUA PRIMARY SCHOOL,lianhua_ps@moe.edu.sg,MR WILLY TAN NGUAN PENG
BALESTIER HILL PRIMARY SCHOOL,bhps@moe.edu.sg,MISS TAN CHAY ENG
ZHONGHUA PRIMARY SCHOOL,zhonghua_ps@moe.edu.sg,MDM ROSTINAH BTE MOHAMAD SAID
PEIYING PRIMARY SCHOOL,peiying_ps@moe.edu.sg,MR K GOVINDAN
EAST VIEW PRIMARY SCHOOL,EVPS@MOE.EDU.SG,MISS ONG LEE CHOO
KEMING PRIMARY SCHOOL,KMPS@MOE.EDU.SG,MISS CHEW TOCK LEE
CHANGKAT PRIMARY SCHOOL,CHANGKAT_PS@MOE.EDU.SG,MRS TANG- CHIM LEE MAI
ZHENGHUA PRIMARY SCHOOL,zhenghua_ps@moe.edu.sg,MDM RITA RAJLAL
SOUTH VIEW PRIMARY SCHOOL,SVPS@MOE.EDU.SG,MDM SHARIDA BINTE BATCHA SAHIB
LOYANG PRIMARY SCHOOL,LOYANG_PS@MOE.EDU.SG,MDM PANG SIU SAN
PASIR RIS PRIMARY SCHOOL,prps@moe.edu.sg,MDM KOK LAI YOKE
CHUA CHU KANG PRIMARY SCHOOL,cckps@moe.edu.sg,MDM LOKE WAI LING
GREENRIDGE PRIMARY SCHOOL,GRPS@MOE.EDU.SG,MR CHUA CHOON HOCK
FARRER PARK PRIMARY SCHOOL,fpps@moe.edu.sg,MISS CHEONG HWEE KHIM
BUKIT TIMAH PRIMARY SCHOOL,bukittimahps@moe.edu.sg,MDM LEN LENG LENG TERESA KELLY
LAKESIDE PRIMARY SCHOOL,lakeside_ps@moe.edu.sg,MDM TAN SUN SUN
BEACON PRIMARY SCHOOL,beaconprisch@moe.edu.sg,MISS LIM BOON CHENG
INNOVA PRIMARY SCHOOL,innova_pri@moe.edu.sg,MISS WINDERSALAM SHYAMALA DEVI
GREENDALE PRIMARY SCHOOL,greendale_ps@moe.edu.sg,MDM NG SOH HUA
ENDEAVOUR PRIMARY SCHOOL,endeavour_ps@moe.edu.sg,MDM ONG KWEE LAN
NORTH VISTA PRIMARY SCHOOL,nvtps@moe.edu.sg,MRS DHILLON AWTAR SINGH
ANCHOR GREEN PRIMARY SCHOOL,anchorgreen_ps@moe.edu.sg,MDM NORLIZA BTE A RAHIM
HORIZON PRIMARY SCHOOL,horizon_ps@moe.edu.sg,MDM GRACE HO LI JUN
CANTONMENT PRIMARY SCHOOL,cantonment_ps@moe.edu.sg,MDM WONG MEI FOONG
FRONTIER PRIMARY SCHOOL,frontier_ps@moe.edu.sg,"MR KOH CHIN THONG, MARTIN"
WESTWOOD PRIMARY SCHOOL,westwood_ps@moe.edu.sg,MR NG YEOW LING
PUNGGOL GREEN PRIMARY SCHOOL,admin_punggolgreen_ps@moe.edu.sg,MDM CHUA LAY TIN
PUNGGOL VIEW PRIMARY SCHOOL,punggolview_ps@moe.edu.sg,MR TAY HSIEN CHUAN KELVIN
SENGKANG GREEN PRIMARY SCHOOL,sengkanggreen_ps@moe.edu.sg,MDM LEONG BENG YUET DAPHNE
SPRINGDALE PRIMARY SCHOOL,springdale_ps@moe.edu.sg,MDM KOH SIEW CHENG
PALM VIEW PRIMARY SCHOOL,palmview_ps@moe.edu.sg,MR CHUA KOK YONG CLIFFORD
RIVERSIDE PRIMARY SCHOOL,riverside_ps@moe.edu.sg,MDM BOEY HUEY PENG SHARON
WEST SPRING PRIMARY SCHOOL,westspring_ps@moe.edu.sg,MDM PHAN SWEE LIN SHERIN JACINTA
ALEXANDRA PRIMARY SCHOOL,alexandra_ps@moe.edu.sg,MDM CHEW BEE LAY
NORTHOAKS PRIMARY SCHOOL,northoaks_ps@moe.edu.sg,MRS THERESA HONG-NG
ANGSANA PRIMARY SCHOOL,angsana_pri@moe.edu.sg,MISS FOONG YIN WEI
PUNGGOL COVE PRIMARY SCHOOL,punggolcove_ps@moe.edu.sg,"MR YAP SWEE BENG, DENNIS"
OASIS PRIMARY SCHOOL,oasis_ps@moe.edu.sg,MRS ONG-CHEW LU SEE
WATERWAY PRIMARY SCHOOL,waterway_ps@moe.edu.sg,MRS WEE KWAN LIAM
FIRST TOA PAYOH PRIMARY SCHOOL,FTPPS@MOE.EDU.SG,MR CHUA CHOON GUAN
MACPHERSON PRIMARY SCHOOL,MPPS@MOE.EDU.SG,MRS KO-TAN LI LING
NEW TOWN PRIMARY SCHOOL,NTPS@MOE.EDU.SG,DR NG SIEW PENG IRENE
BOON LAY GARDEN PRIMARY SCHOOL,BLGPS@MOE.EDU.SG,MRS ONG LOH JIA MIIN
MARSILING PRIMARY SCHOOL,MARSILING_PS@MOE.EDU.SG,MISS CHEE CHUERN HWEI CHERYL
PEI TONG PRIMARY SCHOOL,PTPS@MOE.EDU.SG,MRS NG- TEO SOCK HUA
YUHUA PRIMARY SCHOOL,YUHUA_PS@MOE.EDU.SG,MDM TENG LAI KWAN
FENGSHAN PRIMARY SCHOOL,fsps@moe.edu.sg,DR ANG WEK CHENG
YU NENG PRIMARY SCHOOL,YNPS@MOE.EDU.SG,MRS CLARA LIM-TAN
XINMIN PRIMARY SCHOOL,xinmin_ps@moe.edu.sg,MR A SIVAM REDDY
YANGZHENG PRIMARY SCHOOL,YZPS@MOE.EDU.SG,MDM LEE YEN PING CHRISTINE
JUYING PRIMARY SCHOOL,JUYING_PS@MOE.EDU.SG,MRS SROYA JASWANT
JUNYUAN PRIMARY SCHOOL,JUNYUAN_PS@MOE.EDU.SG,MRS MING KUM
NORTHLAND PRIMARY SCHOOL,NORTHLAND_PS@MOE.EDU.SG,MR TAN CHOON KHENG
NAVAL BASE PRIMARY SCHOOL,NBPS@MOE.EDU.SG,MRS SITA SINGH
XINGNAN PRIMARY SCHOOL,XINGNAN_PS@MOE.EDU.SG,MR CHAN GEOK ANN CHARLES
QIHUA PRIMARY SCHOOL,QIHUA_PS@MOE.EDU.SG,MRS LEE HUI FENG
GUANGYANG PRIMARY SCHOOL,GYPS@MOE.EDU.SG,MR VIMALENTHIRAN S/O VIJAYASINGAM
TAMPINES NORTH PRIMARY SCHOOL,TNPS@MOE.EDU.SG,MDM NEO LAY WAH
ELIAS PARK PRIMARY SCHOOL,epps@moe.edu.sg,MDM FAN YUEN FUN CASSIE
AHMAD IBRAHIM PRIMARY SCHOOL,aips@moe.edu.sg,MDM THONG HOI NON
NORTH VIEW PRIMARY SCHOOL,NVPS@MOE.EDU.SG,MDM TAN U- TONG EVELYN
PIONEER PRIMARY SCHOOL,pioneer_ps@moe.edu.sg,MDM CHENG HUEY TENG
PUNGGOL PRIMARY SCHOOL,punggol_ps@moe.edu.sg,MR HANAFI B ASMORE
PARK VIEW PRIMARY SCHOOL,PVPS@MOE.EDU.SG,MISS OH SEE MOEY
ADMIRALTY PRIMARY SCHOOL,ADMIRALTY_PS@MOE.EDU.SG,MR ALCANTARA ALBERT ALFRED
KRANJI PRIMARY SCHOOL,kranji_ps@moe.edu.sg,MRS LOH MENG HAR
SENG KANG PRIMARY SCHOOL,SKPS@MOE.EDU.SG,MDM SEAH WHYE CHOO
WOODLANDS RING PRIMARY SCHOOL,WRPS@MOE.EDU.SG,MISS CHIAM LEE MENG
WEST VIEW PRIMARY SCHOOL,wvps@moe.edu.sg,MR FOO CHIT CHEONG EDDIE
WHITE SANDS PRIMARY SCHOOL,wsps@moe.edu.sg,MR NG TENG JOO
UNITY PRIMARY SCHOOL,UNITY_PS@MOE.EDU.SG,MRS JASMAIL SINGH GILL
CANBERRA PRIMARY SCHOOL,CANBERRA_PS@MOE.EDU.SG,MR WONG POO MUN
RIVERVALE PRIMARY SCHOOL,RIVERVALE_PS@MOE.EDU.SG,MISS SEET ENG GEOK LENA
JURONG WEST PRIMARY SCHOOL,JWPS@MOE.EDU.SG,MR CHRIS LOH KAI MUN
CORAL PRIMARY SCHOOL,coral_ps@moe.edu.sg,MISS CHONG SIEW FONG
EAST SPRING PRIMARY SCHOOL,esps@moe.edu.sg,MDM ANG GEK LENG ALISON AMANDA
EVERGREEN PRIMARY SCHOOL,EVERGREEN_PS@MOE.EDU.SG,MDM RABIATHUL BAZRIYA D/O ABU BAKAR
COMPASSVALE PRIMARY SCHOOL,cvps@moe.edu.sg,MR AW KER LEE JEFFREY
WOODGROVE PRIMARY SCHOOL,WOODGROVE_PS@MOE.EDU.SG,MISS NG SIOK CHING JOSEPHINE
SEMBAWANG PRIMARY SCHOOL,SEMBAWANG_PS@MOE.EDU.SG,MRS GRACE CHUA
CONCORD PRIMARY SCHOOL,CONCORD_PS@MOE.EDU.SG,MDM LEE YEW KOON TONNINE
NORTH SPRING PRIMARY SCHOOL,nsps@moe.edu.sg,MRS LOH ANGELINE
YEW TEE PRIMARY SCHOOL,YTPS@MOE.EDU.SG,MISS ANG MUI KHOONG
HOUGANG PRIMARY SCHOOL,HOUGANG_PS@MOE.EDU.SG,MDM RASHIDAH BTE ABDUL RASIP
MERIDIAN PRIMARY SCHOOL,MERIDIAN_PS@MOE.EDU.SG,MS LIZA BTE RAHMAT
GREENWOOD PRIMARY SCHOOL,greenwood_ps@moe.edu.sg,MDM FOO LIH JONG CHERYL
ANDERSON PRIMARY SCHOOL,anderson_ps@moe.edu.sg,MRS TAN-NG WIE PIN
WELLINGTON PRIMARY SCHOOL,WELLINGTONPS@MOE.EDU.SG,MR TSU CHIN SUN GARY
EDGEFIELD PRIMARY SCHOOL,edgefield_ps@moe.edu.sg,MR SAW MUN SEONG MICHEL
WEST GROVE PRIMARY SCHOOL,WGPS@MOE.EDU.SG,MRS CHANDLER JAY SIVA
CASUARINA PRIMARY SCHOOL,CASUARINA_PS@MOE.EDU.SG,MS ALBUQUERQUE KAREN ANNE
CLEMENTI PRIMARY SCHOOL,admin_clementi_ps@moe.edu.sg,MR CHIA SEE CHEW ALBERT
TANJONG KATONG PRIMARY SCHOOL,TKPS@MOE.EDU.SG,MRS CAROLINE WU
ANDERSON SECONDARY SCHOOL,anderson_ss@moe.edu.sg,MDM THONG MAY TENG
BARTLEY SECONDARY SCHOOL,bartley_ss@moe.edu.sg,MR MOHD AZHAR B TERIMO
BEATTY SECONDARY SCHOOL,BEATTY_SS@MOE.EDU.SG,MR LING KHOON CHOW
CEDAR GIRLS' SECONDARY SCHOOL,cedargirlss@moe.edu.sg,MDM CHENG HWEE YEANG
CRESCENT GIRLS' SCHOOL,CRESCENTGIRL@MOE.EDU.SG,MRS HELEN CHONG
GAN ENG SENG SCHOOL,GESS@MOE.EDU.SG,MDM TAN MEI MEI JENNY
QUEENSWAY SECONDARY SCHOOL,QSS@moe.edu.sg,MR LUI SENG CHEONG
RAFFLES GIRLS' SCHOOL (SECONDARY),RGSS@MOE.EDU.SG,MDM THAM MUN SEE
RAFFLES INSTITUTION,comms@ri.edu.sg,MR CHAN POH MENG
SERANGOON SECONDARY SCHOOL,SERANGOON_SS@MOE.EDU.SG,MDM TAY SIOK HWA
COMMONWEALTH SECONDARY SCHOOL,cwss@moe.edu.sg,"MR LOH HONG OON, AARON"
TANJONG KATONG GIRLS' SCHOOL,tkgs@moe.edu.sg,MDM WONG YEE MIN MARY
VICTORIA SCHOOL,VICTORIA_SCH@MOE.EDU.SG,MR LIM BOON KONG ANDREW
WHITLEY SECONDARY SCHOOL,WHITLEY_SS@MOE.EDU.SG,MDM TAN YANG FERN
YUHUA SECONDARY SCHOOL,YUHUA_SS@MOE.EDU.SG,MISS NG SOOK KIT
YISHUN SECONDARY SCHOOL,YISHUN_SS@MOE.EDU.SG,MDM NG SHOK YAN
BENDEMEER SECONDARY SCHOOL,BENDEMEER_SS@MOE.EDU.SG,MR CHEN FOOK PANG
FUCHUN SECONDARY SCHOOL,fcss@moe.edu.sg,MDM ONG BEE LIAN DORIS
ANG MO KIO SECONDARY SCHOOL,AMKSS@MOE.EDU.SG,MR CHAN KOK TUNG TOM
BEDOK SOUTH SECONDARY SCHOOL,bsss@moe.edu.sg,MISS PAULINE FUN KAR WHYE
CLEMENTI TOWN SECONDARY SCHOOL,ctss@moe.edu.sg,MDM LEE CHING GUAN HELEN
TEMASEK SECONDARY SCHOOL,temasek_ss@moe.edu.sg,MRS CHIA MINN DAYNA
MAYFLOWER SECONDARY SCHOOL,MAYFLOWER_SS@MOE.EDU.SG,MR LOO MING YAW
BEDOK NORTH SECONDARY SCHOOL,BNSS@MOE.EDU.SG,MR CHUA LEK HONG
TAMPINES SECONDARY SCHOOL,TPSS@MOE.EDU.SG,MR SHANE KWOK POH KEONG
BUKIT VIEW SECONDARY SCHOOL,BUKITVIEW_SS@MOE.EDU.SG,MR VASUTHEVAN S/O K RAMAMURTHY
WOODLANDS SECONDARY SCHOOL,wdl_ss@moe.edu.sg,MISS TAN KE XIN
BOWEN SECONDARY SCHOOL,BOWEN_SS@MOE.EDU.SG,MR LIU EARNLER
BUKIT BATOK SECONDARY SCHOOL,bbss@moe.edu.sg,MR PHUA HUAT CHUAN
YISHUN TOWN SECONDARY SCHOOL,YTSS@MOE.EDU.SG,MDM SHARON YEO EU-LIN
HOUGANG SECONDARY SCHOOL,HOUGANG_SS@MOE.EDU.SG,MR ARIVAZHAGAN MANICKAM
NAN HUA HIGH SCHOOL,nhhs@moe.edu.sg,MRS TAN JONG LEK
HILLGROVE SECONDARY SCHOOL,HILLGROVE_SS@MOE.EDU.SG,MDM ONG HUI MIIN ANGELINE
LOYANG SECONDARY SCHOOL,LOYANG_SS@MOE.EDU.SG,MR LEE HAK BOON
XINMIN SECONDARY SCHOOL,xinmin_ss@moe.edu.sg,MDM LIM HONG PENG
GREENRIDGE SECONDARY SCHOOL,gss@moe.edu.sg,MDM NG CHYI HUERN VERONICA
SPRINGFIELD SECONDARY SCHOOL,SPRINGFIELDS@MOE.EDU.SG,"MDM LOONG CHOO JUAN, JENNY"
BISHAN PARK SECONDARY SCHOOL,BPSS@MOE.EDU.SG,MDM GOH MIEN HUI VALERIE
CHUA CHU KANG SECONDARY SCHOOL,CCKSS@MOE.EDU.SG,MR TAN KENG JOO
DAMAI SECONDARY SCHOOL,damai_ss@moe.edu.sg,MR CHOW WEISI
CHONG BOON SECONDARY SCHOOL,CBSS@MOE.EDU.SG,MR YEO KUERK HENG
NORTHLAND SECONDARY SCHOOL,NORTHLAND_SS@MOE.EDU.SG,MDM TAN SIEW WOON
GREENVIEW SECONDARY SCHOOL,GVSS@MOE.EDU.SG,MR NG BOON KIAT
HONG KAH SECONDARY SCHOOL,hkss@moe.edu.sg,MDM SUNG MEE HAR
PEIRCE SECONDARY SCHOOL,PEIRCE_SS@MOE.EDU.SG,MDM LEE EET FONG
JURONGVILLE SECONDARY SCHOOL,JURONGVILLE@MOE.EDU.SG,MDM ONG FEI MIN
FAJAR SECONDARY SCHOOL,FAJAR_SS@MOE.EDU.SG,MISS HO SOOK FUN DORIS
KRANJI SECONDARY SCHOOL,kranji_ss@moe.edu.sg,MISS TAN HWEE PIN
JUYING SECONDARY SCHOOL,JUYING_SS@MOE.EDU.SG,MR SEET TIAT HEE
WEST SPRING SECONDARY SCHOOL,westspringss@moe.edu.sg,MDM BETTY CHANG
JURONG WEST SECONDARY SCHOOL,JWSS@MOE.EDU.SG,MR MICHAEL MUHUNTHAN S/O SUBRAMANIAM
BEDOK GREEN SECONDARY SCHOOL,BGSS@MOE.EDU.SG,MR LIM YU KEE
PUNGGOL SECONDARY SCHOOL,PUNGGOL_SS@MOE.EDU.SG,MR KEH CHIN CHUAN BENEDICT
NORTH VISTA SECONDARY SCHOOL,northvistass@moe.edu.sg,MRS REGINA LEE
ADMIRALTY SECONDARY SCHOOL,Admiralty_SS@moe.edu.sg,MR TOH THIAM CHYE
PEI HWA SECONDARY SCHOOL,peihwasec@moe.edu.sg,MDM YONG LI LING BELINDA
GREENDALE SECONDARY SCHOOL,greendale_ss@moe.edu.sg,MISS NG AMY
EDGEFIELD SECONDARY SCHOOL,edgefield_ss@moe.edu.sg,MR LEE PECK PING
MERIDIAN SECONDARY SCHOOL,na,MDM TAN HWEE TSIAN HILDA
DUNMAN HIGH SCHOOL,DHS@MOE.EDU.SG,MR LOW TECK ENG TONY
RIVER VALLEY HIGH SCHOOL,RVHS@MOE.EDU.SG,MRS TEO KHIN HIANG NEE LEE WAI TAI
AHMAD IBRAHIM SECONDARY SCHOOL,aiss@moe.edu.sg,MISS CHEW ING LIM
BROADRICK SECONDARY SCHOOL,BROADRICK_SS@MOE.EDU.SG,MDM TAN LAY HONG
BUKIT MERAH SECONDARY SCHOOL,bmss@moe.edu.sg,MR CHENG GHEE HOCK TIMOTHY
BUKIT PANJANG GOVT. HIGH SCHOOL,BPGHS@MOE.EDU.SG,MDM CHAN WAN SIONG
DUNMAN SECONDARY SCHOOL,DUNMAN_SS@MOE.EDU.SG,MR SURESH S/O BALAKRISHNAN
JURONG SECONDARY SCHOOL,JURONG_SS@MOE.EDU.SG,MDM TAN YOK CHING RUBY
NAVAL BASE SECONDARY SCHOOL,NBSS@MOE.EDU.SG,MR SULAIMAN B MOHAMAD YUSOF
OUTRAM SECONDARY SCHOOL,OSS@MOE.EDU.SG,MR BOO HIAN KOK
YIO CHU KANG SECONDARY SCHOOL,yckss@moe.edu.sg,"MDM HENG SUE LIN, JANICE"
YUAN CHING SECONDARY SCHOOL,YCSS@MOE.EDU.SG,MRS CHUAH-KOH ENG NGOH
BOON LAY SECONDARY SCHOOL,BLSS@MOE.EDU.SG,MR TAN CHOR PANG
BEDOK VIEW SECONDARY SCHOOL,BEDOKVIEW_SS@MOE.EDU.SG,MRS VALERIE PINTO
HUA YI SECONDARY SCHOOL,HYSS@MOE.EDU.SG,MISS GWEE SU PIN SANDRA
DEYI SECONDARY SCHOOL,DEYI_SS@MOE.EDU.SG,MRS LIM AI POO
PING YI SECONDARY SCHOOL,pyss@moe.edu.sg,MR ANG CHEE SENG
PEICAI SECONDARY SCHOOL,peicai_ss@moe.edu.sg,MR LIM KOK HWA
SHUQUN SECONDARY SCHOOL,SQSS@MOE.EDU.SG,MR N SIVARAJAN
PASIR RIS SECONDARY SCHOOL,prss@moe.edu.sg,MDM GRACE TAN BEE SIM
EAST VIEW SECONDARY SCHOOL,EVSS@MOE.EDU.SG,MISS LAU WAN SZE
GUANGYANG SECONDARY SCHOOL,gyss@moe.edu.sg,MR KWOK CHIN POH BENJAMIN
RIVERSIDE SECONDARY SCHOOL,RIVERSIDE_SS@MOE.EDU.SG,MDM SHANTI DEVI D/O THAMBUSAMY
ZHONGHUA SECONDARY SCHOOL,ZHONGHUA_SS@MOE.EDU.SG,MR LOH LEONG BENG
SWISS COTTAGE SECONDARY SCHOOL,SCSS@MOE.EDU.SG,MR HENG YEW SENG
YUSOF ISHAK SECONDARY SCHOOL,yiss@moe.edu.sg,MDM KOH HOON CHOO JESSIE
CHANGKAT CHANGI SECONDARY SCHOOL,CHANGKATCHGI@MOE.EDU.SG,MDM SHARMA POONAM KUMARI
TECK WHYE SECONDARY SCHOOL,TWSS@MOE.EDU.SG,MR CHAN YEW HENG EDWIN
DUNEARN SECONDARY SCHOOL,DUNEARN_SS@MOE.EDU.SG,MDM TAN MIAO LING
NEW TOWN SECONDARY SCHOOL,ntss@moe.edu.sg,MDM TAN SIEW HONG (MRS SNG)
QUEENSTOWN SECONDARY SCHOOL,qtss@moe.edu.sg,MDM RASIDAH BTE RAHIM
SERANGOON GARDEN SECONDARY SCHOOL,sgss@moe.edu.sg,MR TAY GHIM CHIEW STEPHEN
TANGLIN SECONDARY SCHOOL,tanglin_ss@moe.edu.sg,MDM NG NGOING KENG
TANJONG KATONG SECONDARY SCHOOL,tkss@moe.edu.sg,MRS DOLLY ONG KIM LENG
WOODLANDS RING SECONDARY SCHOOL,wrss@moe.edu.sg,MDM NG SIEW BEE
ORCHID PARK SECONDARY SCHOOL,opss@moe.edu.sg,MR SHAWAL BIN HUSSIN
SEMBAWANG SECONDARY SCHOOL,SEMBAWANG_SS@MOE.EDU.SG,MR JASWANT SINGH
SENG KANG SECONDARY SCHOOL,skss@moe.edu.sg,MR KOH YIAK KHENG
JUNYUAN SECONDARY SCHOOL,JUNYUAN_SS@MOE.EDU.SG,MR MOHAMED RAZALI B ABDUL HAMED
EAST SPRING SECONDARY SCHOOL,esss@moe.edu.sg,MR TEOH TEIK HOE
UNITY SECONDARY SCHOOL,UNITY_SS@MOE.EDU.SG,MDM AINI BTE MAAROF
NORTHBROOKS SECONDARY SCHOOL,NORTHBROOKS@MOE.EDU.SG,MR CHAN CHOON LOONG
PASIR RIS CREST SECONDARY SCHOOL,prcss@moe.edu.sg,MR TAN SHUN LOONG
FUHUA SECONDARY SCHOOL,FHSS@MOE.EDU.SG,MISS FOONG LAI LEONG
MARSILING SECONDARY SCHOOL,MARSILING_SS@MOE.EDU.SG,MR GOH AIK CHOON
WOODGROVE SECONDARY SCHOOL,woodgrove_ss@moe.edu.sg,MR CHEE CHIT YENG
ZHENGHUA SECONDARY SCHOOL,ZHENGHUA_SS@MOE.EDU.SG,MR LIN YUCHENG EUGENE
REGENT SECONDARY SCHOOL,REGENT_SS@MOE.EDU.SG,MR LEONG KOK KEE
KENT RIDGE SECONDARY SCHOOL,KRSS@MOE.EDU.SG,MDM S SAROJA
WESTWOOD SECONDARY SCHOOL,WESTWOOD_SS@MOE.EDU.SG,MR ABDUL HARRIS B SUMARDI
CANBERRA SECONDARY SCHOOL,CANBERRA_SS@MOE.EDU.SG,MR NG TIONG NAM
COMPASSVALE SECONDARY SCHOOL,CVSS@MOE.EDU.SG,MR CHIA CHOR YANN
EVERGREEN SECONDARY SCHOOL,EVERGREEN_SS@MOE.EDU.SG,MRS LIM CAROL
ANGLO-CHINESE SCHOOL (JUNIOR),acjs@moe.edu.sg,MRS CHAILLAN MUI TUAN
CANOSSA CONVENT PRIMARY SCHOOL,ccps@moe.edu.sg,MISS TAN LEE YIN GRACE
CHIJ PRIMARY (TOA PAYOH),CHIJTPPS@MOE.EDU.SG,MRS TAN SOON KEE MARGARET
CHIJ (KELLOCK),CHIJKS@MOE.EDU.SG,MDM CHIN MING YEW MAGDALENE
CHIJ OUR LADY OF THE NATIVITY,chijoln@moe.edu.sg,MDM CHRISTINA TEO
DE LA SALLE SCHOOL,dlss@moe.edu.sg,MDM DAPHNE POON CHOR CHOO
ST. ANDREW'S JUNIOR SCHOOL,sajs@moe.edu.sg,MISS NEO PHEI TZE PATSY
ST. ANTHONY'S CANOSSIAN PRIMARY SCHOOL,sacps@moe.edu.sg,MDM SIA LU-MING EUGENIE
ST. GABRIEL'S PRIMARY SCHOOL,STGPS@MOE.EDU.SG,MRS CATHERINE CHIANG
ST. MARGARET'S PRIMARY SCHOOL,STMARGARETPS@MOE.EDU.SG,MISS PANG WEE MIAN
ST. JOSEPH'S INSTITUTION JUNIOR,sjijunior@moe.edu.sg,MR GOH HENG LIANG TIMOTHY
ST. STEPHEN'S SCHOOL,STSTEPHENSCH@MOE.EDU.SG,MR KOH KIAN SENG THOMAS
CHIJ OUR LADY OF GOOD COUNSEL,chijolgcs@moe.edu.sg,MDM WOON MEEN FAYE CATHERINE
MONTFORT JUNIOR SCHOOL,MONTFORT_JS@MOE.EDU.SG,MR WONG KENG YUIN WILBUR
CHIJ OUR LADY QUEEN OF PEACE,CHIJOLQP@MOE.EDU.SG,MDM LIM KIM GEK
FAIRFIELD METHODIST SCHOOL (PRIMARY),fmsp@moe.edu.sg,MDM LAW LI MEI
GEYLANG METHODIST SCHOOL (PRIMARY),GMPS@moe.edu.sg,MDM JENNIFER HAN ENG JUAN
KUO CHUAN PRESBYTERIAN PRIMARY SCHOOL,KCPPS@MOE.EDU.SG,MDM TEO CHING LING
ST. HILDA'S PRIMARY SCHOOL,shps@moe.edu.sg,MDM KEW MEE YING
SINGAPORE CHINESE GIRLS' PRIMARY SCHOOL,SCGPS@MOE.EDU.SG,MDM TAN YUNCHIN EUGENIA
METHODIST GIRLS' SCHOOL (PRIMARY),mgps@moe.edu.sg,MISS NG WUN HAR GRACE
NAN CHIAU PRIMARY SCHOOL,NCPS@MOE.EDU.SG,MDM QUAH LI LING MAE
KONG HWA SCHOOL,KONGHWA_SCH@MOE.EDU.SG,MDM CHUA YE LING
MEE TOH SCHOOL,MEETOH_SCH@MOE.EDU.SG,MR GAU POH TECK
NGEE ANN PRIMARY SCHOOL,NAPS@MOE.EDU.SG,MR KOE EE TIONG
RED SWASTIKA SCHOOL,REDSWASTIKA@MOE.EDU.SG,MRS LEONG- TAN LING LING JENNY
TAO NAN SCHOOL,taonan_sch@moe.edu.sg,DR CHIN KIM WOON
NANYANG PRIMARY SCHOOL,NYPS@MOE.EDU.SG,MDM LER JIA LUEN
ST. ANTHONY'S PRIMARY SCHOOL,SAPS@MOE.EDU.SG,MISS CECILIA LIM SEOK CHENG
MAHA BODHI SCHOOL,MBS@MOE.EDU.SG,MRS ELAINE QUEK-LIM HWEE BIN
PEI CHUN PUBLIC SCHOOL,PCPS@MOE.EDU.SG,MR LIM MENG WEI
POI CHING SCHOOL,contact@poiching.moe.edu.sg,MR MAH SENG THONG ANDREW
KHENG CHENG SCHOOL,kcs@moe.edu.sg,MDM LEONG CHUI YIN SARAH
NAN HUA PRIMARY SCHOOL,nhps@moe.edu.sg,MDM CHIA HUI KHIM
PEI HWA PRESBYTERIAN PRIMARY SCHOOL,phpps@moe.edu.sg,MRS FOO SOOK FONG
AI TONG SCHOOL,AITONG_SCH@MOE.EDU.SG,MDM GOH LING LING DIANE
HONG WEN SCHOOL,hws@moe.edu.sg,MR POON SIOW LENG RAYMOND
HOLY INNOCENTS' PRIMARY SCHOOL,HOLYINNOCENT@MOE.EDU.SG,MDM QUEK SEOK NOI
PAYA LEBAR METHODIST GIRLS' SCHOOL (PRIMARY),PLMGPS@MOE.EDU.SG,MISS CHUA SOH LENG
CHONGFU SCHOOL,CFS@MOE.EDU.SG,MDM FOO MUI CHUW
CHIJ (KATONG) PRIMARY,CHIJKTPS@moe.edu.sg,MDM CHUA SOOK LIAN JUDINA
ANGLO-CHINESE SCHOOL (PRIMARY),acps@moe.edu.sg,MR KOH SUNG- YI ARENE
ANGLO-CHINESE SCHOOL (INDEPENDENT),ACIS@MOE.EDU.SG,MR WINSTON JAMES HODGE
ASSUMPTION ENGLISH SCHOOL,AES@MOE.EDU.SG,MRS MABEL LEONG
CHIJ SECONDARY (TOA PAYOH),CHIJTPSS@MOE.EDU.SG,MRS KAREN TAY
GEYLANG METHODIST SCHOOL (SECONDARY),gmss@moe.edu.sg,MR WEE TAT CHUEN
CHIJ KATONG CONVENT,chijktcs@moe.edu.sg,MDM CHAN GEK SAN PATRICIA
MONTFORT SECONDARY SCHOOL,contact@montfortsec.edu.sg,MR MARK GERARD MINJOOT
SINGAPORE CHINESE GIRLS' SCHOOL,SCGSS@MOE.EDU.SG,MDM TAN YUNCHIN EUGENIA
ST. ANDREW'S SECONDARY SCHOOL,sass@moe.edu.sg,MRS TOH LUCY
ST. ANTHONY'S CANOSSIAN SECONDARY SCHOOL,sacss@moe.edu.sg,MDM MAK LAI YING
ST. GABRIEL'S SECONDARY SCHOOL,STGSS@MOE.EDU.SG,MR STEPHEN CHIN
CHIJ ST. JOSEPH'S CONVENT,CHIJSJCS@MOE.EDU.SG,MISS HO SUSIE
ST. JOSEPH'S INSTITUTION,contact@sji.edu.sg,FR ADRIAN AUGUSTUS DANKER
ST. MARGARET'S SECONDARY SCHOOL,stmargaretss@moe.edu.sg,MDM LEE LIN YEE
ST. PATRICK'S SCHOOL,stpatricksch@moe.edu.sg,MR TAN CHIN ENG ADOLPHUS
CHIJ ST. THERESA'S CONVENT,CHIJSTCS@MOE.EDU.SG,MRS PAULINE WONG
CHRIST CHURCH SECONDARY SCHOOL,ccss@moe.edu.sg,MR LAU YAN BOON DAVID
PAYA LEBAR METHODIST GIRLS' SCHOOL (SECONDARY),plmgss@moe.edu.sg,MRS QUEK LI GEK
YUYING SECONDARY SCHOOL,yuying_ss@moe.edu.sg,MR LO CHEE LIN
KUO CHUAN PRESBYTERIAN SECONDARY SCHOOL,kcpss@moe.edu.sg,MDM ELSIE JEREMIAH
ST. HILDA'S SECONDARY SCHOOL,SHSS@MOE.EDU.SG,MR KHOO TSE HORNG
METHODIST GIRLS' SCHOOL (SECONDARY),MGSS@MOE.EDU.SG,MISS NG WUN HAR GRACE
HAI SING CATHOLIC SCHOOL,HSHS@MOE.EDU.SG,MR ANG TECK SIANG DANIEL
ANGLO-CHINESE SCHOOL (BARKER ROAD),acsbr@moe.edu.sg,"MR TAN CHONG TZE, PETER"
ANGLICAN HIGH SCHOOL,AHS@MOE.EDU.SG,MDM LEE WEE LIN MAUREEN
CATHOLIC HIGH SCHOOL,chs@moe.edu.sg,MDM SOH LAI LENG MAGDALEN
CHUNG CHENG HIGH SCHOOL (MAIN),CCHMS@MOE.EDU.SG,MR CHAN YING YIN
CHUNG CHENG HIGH SCHOOL (YISHUN),cchys@moe.edu.sg,MR YAP THIAM CHUAN
HOLY INNOCENTS' HIGH SCHOOL,HIHS@MOE.EDU.SG,MR YAP WAI MENG
MARIS STELLA HIGH SCHOOL,msh@moe.edu.sg,MRS WOO SOO MIN
NAN CHIAU HIGH SCHOOL,NCHS@MOE.EDU.SG,MR TAN YEE KAN
NANYANG GIRLS' HIGH SCHOOL,NYGHS@MOE.EDU.SG,MDM HENG BOEY HONG
CHIJ ST. NICHOLAS GIRLS' SCHOOL,chijsng_sec@moe.edu.sg,MDM FIONA YEO SU LING
MARYMOUNT CONVENT SCHOOL,MMCS@MOE.EDU.SG,MRS ALLISON LIM
MANJUSRI SECONDARY SCHOOL,manjusri_ss@moe.edu.sg,MR SIM CHONG BOON
PRESBYTERIAN HIGH SCHOOL,presbyterian@moe.edu.sg,MR OWYONG TUCK SING VICTOR
FAIRFIELD METHODIST SCHOOL (SECONDARY),FMSS@MOE.EDU.SG,MISS CHEN LI YING AUDREY
NGEE ANN SECONDARY SCHOOL,nass@moe.edu.sg,MR LIM TSUN KHEE ALBERT
SINGAPORE SPORTS SCHOOL,enquire@sportsschool.edu.sg,MR TAN TECK HOCK
NUS HIGH SCHOOL OF MATHEMATICS AND SCIENCE,einstein@highsch.nus.edu.sg,MRS LEE BEE YANN
"SCHOOL OF THE ARTS, SINGAPORE",enquiries@sota.edu.sg,MDM LIM GEOK CHENG
NORTHLIGHT SCHOOL,NorthLight@ite.edu.sg,MR MARTIN TAN SIEW KIN
ASSUMPTION PATHWAY SCHOOL,aps@ite.edu.sg,MR LEONG YEW HON ERIC
"SCHOOL OF SCIENCE AND TECHNOLOGY, SINGAPORE",contactus@sst.edu.sg,MRS LINDA CHAN
CREST SECONDARY SCHOOL,info@crestsec.edu.sg,MR YEO KOK PENG FREDERICK
SPECTRA SECONDARY SCHOOL,info@spectra.edu.sg,MR KRISHNAN ARAVINTHAN
