school_name,principal_name
NATIONAL JUNIOR COLLEGE,MR ANG POW CHEW
TEMASEK JUNIOR COLLEGE,MDM SIM AY NAR
JURONG JUNIOR COLLEGE,DR HANG KIM HOO
ANDERSON JUNIOR COLLEGE,MISS TAY LAI LING
VICTORIA JUNIOR COLLEGE,MISS EK SOO BEN
YISHUN JUNIOR COLLEGE,MRS EDELWEIS NEO
TAMPINES JUNIOR COLLEGE,MISS YOONG NYOK KE PAMELA
SERANGOON JUNIOR COLLEGE,MR MANOGARAN S/O SUPPIAH
PIONEER JUNIOR COLLEGE,MDM KEK LEE YONG
MERIDIAN JUNIOR COLLEGE,MR LIM YAN HOCK
INNOVA JUNIOR COLLEGE,MR MICHAEL DE SILVA
EUNOIA JUNIOR COLLEGE,MDM CHEANG MEI HENG
CATHOLIC JUNIOR COLLEGE,MDM CHUA SUAN GEK PHYLLIS
ANGLO-CHINESE JUNIOR COLLEGE,MISS CHONG CHOY HOONG BEATRICE
ST. ANDREW'S JUNIOR COLLEGE,MR LO KHEE TIAN MARK
NANYANG JUNIOR COLLEGE,MR KWEK HIOK CHUANG
HWA CHONG INSTITUTION,DR HON CHIEW WENG
MILLENNIA INSTITUTE,MRS TAN WAN YU
BUKIT PANJANG PRIMARY SCHOOL,MR BUCKTHA SEELAN
HAIG GIRLS' SCHOOL,MISS LO YEN NIE
TECK WHYE PRIMARY SCHOOL,MR SURAJ NAIR S/O VENUGOPAL
JURONG PRIMARY SCHOOL,MRS MANOKARA SUGUNAVATHI
QUEENSTOWN PRIMARY SCHOOL,MISS NG POR JOO PEARLY
RADIN MAS PRIMARY SCHOOL,MRS WONG SIEW SHAN
RAFFLES GIRLS' PRIMARY SCHOOL,MRS YUE YOKE MUN NEE WAI
ROSYTH SCHOOL,MDM ELIS TAN LEE CHING
DAMAI PRIMARY SCHOOL,MDM LEE LAY SEE/ MRS LAY SEE NEUFELD
FUHUA PRIMARY SCHOOL,MR PHUA KIA WANG
WOODLANDS PRIMARY SCHOOL,MISS TAN SIN WEI WINNIE
EUNOS PRIMARY SCHOOL,MDM PHUA YIN LIN GRACE
HENRY PARK PRIMARY SCHOOL,MR CHIA SOO KENG
BENDEMEER PRIMARY SCHOOL,MR TAN SIEW TIONG
CORPORATION PRIMARY SCHOOL,MRS JENNIFER PANG CHEE CHYN
YIO CHU KANG PRIMARY SCHOOL,MR NG AIK BOON
BLANGAH RISE PRIMARY SCHOOL,MR OU EN TIEN MATTHEW
ANG MO KIO PRIMARY SCHOOL,MR CHEW MUN WAI
MAYFLOWER PRIMARY SCHOOL,MRS LIM- CHUA SIOW LING
TECK GHEE PRIMARY SCHOOL,MDM CHUA PEI PEI
TEMASEK PRIMARY SCHOOL,MR FRANCIS FOO
SI LING PRIMARY SCHOOL,MR LIM CHEW HIONG RICHARD
JING SHAN PRIMARY SCHOOL,MDM GOH MEEI YUNN
DA QIAO PRIMARY SCHOOL,MRS JOYCE ANG
YISHUN PRIMARY SCHOOL,MRS YEE-TOH GEK KHIAW
STAMFORD PRIMARY SCHOOL,MR ONG THIAM HUAT ROBIN
FERNVALE PRIMARY SCHOOL,MDM BALAKRISHNA VYJANTHIMALA
EAST COAST PRIMARY SCHOOL,MDM JESSIE LIM CHIEN CHIN
TOWNSVILLE PRIMARY SCHOOL,MR TAN BOON HONG VICTOR
RULANG PRIMARY SCHOOL,MR ONG KAI TIONG EUGENE
QIFA PRIMARY SCHOOL,MDM MAY TAN MUI GEE
ZHANGDE PRIMARY SCHOOL,MISS LOH SING HUAY
TAMPINES PRIMARY SCHOOL,MISS VERONICA TAY BENG ENG
CHONGZHENG PRIMARY SCHOOL,MDM WONG LIN LIN AUDREY
XINGHUA PRIMARY SCHOOL,MDM CHANDRIKA D/O GOPAL
JIEMIN PRIMARY SCHOOL,MISS CHEAH POH LIAN
FUCHUN PRIMARY SCHOOL,MRS YAP DAI JEE
BUKIT VIEW PRIMARY SCHOOL,MDM KOH YUEN CHOO
CEDAR PRIMARY SCHOOL,MRS SARA DE SOUZA
OPERA ESTATE PRIMARY SCHOOL,MDM LOE LAI PINK
RIVER VALLEY PRIMARY SCHOOL,MDM WONG LI PENG
TELOK KURAU PRIMARY SCHOOL,MDM CHARIS WONG
YUMIN PRIMARY SCHOOL,MDM CHILUKURI DIMPS RAO
SHUQUN PRIMARY SCHOOL,MISS GEETHA D/O DORAISAMY
GAN ENG SENG PRIMARY SCHOOL,MR ONG LYE WHATT
GONGSHANG PRIMARY SCHOOL,"MDM KOK CHOW HIONG, JACKIE"
HUAMIN PRIMARY SCHOOL,MDM NOORISMAWATY BTE ISMAIL
XISHAN PRIMARY SCHOOL,MDM TANG WAI PENG
PRINCESS ELIZABETH PRIMARY SCHOOL,MDM MOLIAH BINTE HASHIM
DAZHONG PRIMARY SCHOOL,MDM YAP SIU LIN
BEDOK GREEN PRIMARY SCHOOL,MRS NG KIM CHOO CELINE
LIANHUA PRIMARY SCHOOL,MR WILLY TAN NGUAN PENG
BALESTIER HILL PRIMARY SCHOOL,MISS TAN CHAY ENG
ZHONGHUA PRIMARY SCHOOL,MDM ROSTINAH BTE MOHAMAD SAID
PEIYING PRIMARY SCHOOL,MR K GOVINDAN
EAST VIEW PRIMARY SCHOOL,MISS ONG LEE CHOO
KEMING PRIMARY SCHOOL,MISS CHEW TOCK LEE
CHANGKAT PRIMARY SCHOOL,MRS TANG- CHIM LEE MAI
ZHENGHUA PRIMARY SCHOOL,MDM RITA RAJLAL
SOUTH VIEW PRIMARY SCHOOL,MDM SHARIDA BINTE BATCHA SAHIB
LOYANG PRIMARY SCHOOL,MDM PANG SIU SAN
PASIR RIS PRIMARY SCHOOL,MDM KOK LAI YOKE
CHUA CHU KANG PRIMARY SCHOOL,MDM LOKE WAI LING
GREENRIDGE PRIMARY SCHOOL,MR CHUA CHOON HOCK
FARRER PARK PRIMARY SCHOOL,MISS CHEONG HWEE KHIM
BUKIT TIMAH PRIMARY SCHOOL,MDM LEN LENG LENG TERESA KELLY
LAKESIDE PRIMARY SCHOOL,MDM TAN SUN SUN
BEACON PRIMARY SCHOOL,MISS LIM BOON CHENG
INNOVA PRIMARY SCHOOL,MISS WINDERSALAM SHYAMALA DEVI
GREENDALE PRIMARY SCHOOL,MDM NG SOH HUA
ENDEAVOUR PRIMARY SCHOOL,MDM ONG KWEE LAN
NORTH VISTA PRIMARY SCHOOL,MRS DHILLON AWTAR SINGH
ANCHOR GREEN PRIMARY SCHOOL,MDM NORLIZA BTE A RAHIM
HORIZON PRIMARY SCHOOL,MDM GRACE HO LI JUN
CANTONMENT PRIMARY SCHOOL,MDM WONG MEI FOONG
FRONTIER PRIMARY SCHOOL,"MR KOH CHIN THONG, MARTIN"
WESTWOOD PRIMARY SCHOOL,MR NG YEOW LING
PUNGGOL GREEN PRIMARY SCHOOL,MDM CHUA LAY TIN
PUNGGOL VIEW PRIMARY SCHOOL,MR TAY HSIEN CHUAN KELVIN
SENGKANG GREEN PRIMARY SCHOOL,MDM LEONG BENG YUET DAPHNE
SPRINGDALE PRIMARY SCHOOL,MDM KOH SIEW CHENG
PALM VIEW PRIMARY SCHOOL,MR CHUA KOK YONG CLIFFORD
RIVERSIDE PRIMARY SCHOOL,MDM BOEY HUEY PENG SHARON
WEST SPRING PRIMARY SCHOOL,MDM PHAN SWEE LIN SHERIN JACINTA
ALEXANDRA PRIMARY SCHOOL,MDM CHEW BEE LAY
NORTHOAKS PRIMARY SCHOOL,MRS THERESA HONG-NG
ANGSANA PRIMARY SCHOOL,MISS FOONG YIN WEI
PUNGGOL COVE PRIMARY SCHOOL,"MR YAP SWEE BENG, DENNIS"
OASIS PRIMARY SCHOOL,MRS ONG-CHEW LU SEE
WATERWAY PRIMARY SCHOOL,MRS WEE KWAN LIAM
FIRST TOA PAYOH PRIMARY SCHOOL,MR CHUA CHOON GUAN
MACPHERSON PRIMARY SCHOOL,MRS KO-TAN LI LING
NEW TOWN PRIMARY SCHOOL,DR NG SIEW PENG IRENE
BOON LAY GARDEN PRIMARY SCHOOL,MRS ONG LOH JIA MIIN
MARSILING PRIMARY SCHOOL,MISS CHEE CHUERN HWEI CHERYL
PEI TONG PRIMARY SCHOOL,MRS NG- TEO SOCK HUA
YUHUA PRIMARY SCHOOL,MDM TENG LAI KWAN
FENGSHAN PRIMARY SCHOOL,DR ANG WEK CHENG
YU NENG PRIMARY SCHOOL,MRS CLARA LIM-TAN
XINMIN PRIMARY SCHOOL,MR A SIVAM REDDY
YANGZHENG PRIMARY SCHOOL,MDM LEE YEN PING CHRISTINE
JUYING PRIMARY SCHOOL,MRS SROYA JASWANT
JUNYUAN PRIMARY SCHOOL,MRS MING KUM
NORTHLAND PRIMARY SCHOOL,MR TAN CHOON KHENG
NAVAL BASE PRIMARY SCHOOL,MRS SITA SINGH
XINGNAN PRIMARY SCHOOL,MR CHAN GEOK ANN CHARLES
QIHUA PRIMARY SCHOOL,MRS LEE HUI FENG
GUANGYANG PRIMARY SCHOOL,MR VIMALENTHIRAN S/O VIJAYASINGAM
TAMPINES NORTH PRIMARY SCHOOL,MDM NEO LAY WAH
ELIAS PARK PRIMARY SCHOOL,MDM FAN YUEN FUN CASSIE
AHMAD IBRAHIM PRIMARY SCHOOL,MDM THONG HOI NON
NORTH VIEW PRIMARY SCHOOL,MDM TAN U- TONG EVELYN
PIONEER PRIMARY SCHOOL,MDM CHENG HUEY TENG
PUNGGOL PRIMARY SCHOOL,MR HANAFI B ASMORE
PARK VIEW PRIMARY SCHOOL,MISS OH SEE MOEY
ADMIRALTY PRIMARY SCHOOL,MR ALCANTARA ALBERT ALFRED
KRANJI PRIMARY SCHOOL,MRS LOH MENG HAR
SENG KANG PRIMARY SCHOOL,MDM SEAH WHYE CHOO
WOODLANDS RING PRIMARY SCHOOL,MISS CHIAM LEE MENG
WEST VIEW PRIMARY SCHOOL,MR FOO CHIT CHEONG EDDIE
WHITE SANDS PRIMARY SCHOOL,MR NG TENG JOO
UNITY PRIMARY SCHOOL,MRS JASMAIL SINGH GILL
CANBERRA PRIMARY SCHOOL,MR WONG POO MUN
RIVERVALE PRIMARY SCHOOL,MISS SEET ENG GEOK LENA
JURONG WEST PRIMARY SCHOOL,MR CHRIS LOH KAI MUN
CORAL PRIMARY SCHOOL,MISS CHONG SIEW FONG
EAST SPRING PRIMARY SCHOOL,MDM ANG GEK LENG ALISON AMANDA
EVERGREEN PRIMARY SCHOOL,MDM RABIATHUL BAZRIYA D/O ABU BAKAR
COMPASSVALE PRIMARY SCHOOL,MR AW KER LEE JEFFREY
WOODGROVE PRIMARY SCHOOL,MISS NG SIOK CHING JOSEPHINE
SEMBAWANG PRIMARY SCHOOL,MRS GRACE CHUA
CONCORD PRIMARY SCHOOL,MDM LEE YEW KOON TONNINE
NORTH SPRING PRIMARY SCHOOL,MRS LOH ANGELINE
YEW TEE PRIMARY SCHOOL,MISS ANG MUI KHOONG
HOUGANG PRIMARY SCHOOL,MDM RASHIDAH BTE ABDUL RASIP
MERIDIAN PRIMARY SCHOOL,MS LIZA BTE RAHMAT
GREENWOOD PRIMARY SCHOOL,MDM FOO LIH JONG CHERYL
ANDERSON PRIMARY SCHOOL,MRS TAN-NG WIE PIN
WELLINGTON PRIMARY SCHOOL,MR TSU CHIN SUN GARY
EDGEFIELD PRIMARY SCHOOL,MR SAW MUN SEONG MICHEL
WEST GROVE PRIMARY SCHOOL,MRS CHANDLER JAY SIVA
CASUARINA PRIMARY SCHOOL,MS ALBUQUERQUE KAREN ANNE
CLEMENTI PRIMARY SCHOOL,MR CHIA SEE CHEW ALBERT
TANJONG KATONG PRIMARY SCHOOL,MRS CAROLINE WU
ANDERSON SECONDARY SCHOOL,MDM THONG MAY TENG
BARTLEY SECONDARY SCHOOL,MR MOHD AZHAR B TERIMO
BEATTY SECONDARY SCHOOL,MR LING KHOON CHOW
CEDAR GIRLS' SECONDARY SCHOOL,MDM CHENG HWEE YEANG
CRESCENT GIRLS' SCHOOL,MRS HELEN CHONG
GAN ENG SENG SCHOOL,MDM TAN MEI MEI JENNY
QUEENSWAY SECONDARY SCHOOL,MR LUI SENG CHEONG
RAFFLES GIRLS' SCHOOL (SECONDARY),MDM THAM MUN SEE
RAFFLES INSTITUTION,MR CHAN POH MENG
SERANGOON SECONDARY SCHOOL,MDM TAY SIOK HWA
COMMONWEALTH SECONDARY SCHOOL,"MR LOH HONG OON, AARON"
TANJONG KATONG GIRLS' SCHOOL,MDM WONG YEE MIN MARY
VICTORIA SCHOOL,MR LIM BOON KONG ANDREW
WHITLEY SECONDARY SCHOOL,MDM TAN YANG FERN
YUHUA SECONDARY SCHOOL,MISS NG SOOK KIT
YISHUN SECONDARY SCHOOL,MDM NG SHOK YAN
BENDEMEER SECONDARY SCHOOL,MR CHEN FOOK PANG
FUCHUN SECONDARY SCHOOL,MDM ONG BEE LIAN DORIS
ANG MO KIO SECONDARY SCHOOL,MR CHAN KOK TUNG TOM
BEDOK SOUTH SECONDARY SCHOOL,MISS PAULINE FUN KAR WHYE
CLEMENTI TOWN SECONDARY SCHOOL,MDM LEE CHING GUAN HELEN
TEMASEK SECONDARY SCHOOL,MRS CHIA MINN DAYNA
MAYFLOWER SECONDARY SCHOOL,MR LOO MING YAW
BEDOK NORTH SECONDARY SCHOOL,MR CHUA LEK HONG
TAMPINES SECONDARY SCHOOL,MR SHANE KWOK POH KEONG
BUKIT VIEW SECONDARY SCHOOL,MR VASUTHEVAN S/O K RAMAMURTHY
WOODLANDS SECONDARY SCHOOL,MISS TAN KE XIN
BOWEN SECONDARY SCHOOL,MR LIU EARNLER
BUKIT BATOK SECONDARY SCHOOL,MR PHUA HUAT CHUAN
YISHUN TOWN SECONDARY SCHOOL,MDM SHARON YEO EU-LIN
HOUGANG SECONDARY SCHOOL,MR ARIVAZHAGAN MANICKAM
NAN HUA HIGH SCHOOL,MRS TAN JONG LEK
HILLGROVE SECONDARY SCHOOL,MDM ONG HUI MIIN ANGELINE
LOYANG SECONDARY SCHOOL,MR LEE HAK BOON
XINMIN SECONDARY SCHOOL,MDM LIM HONG PENG
GREENRIDGE SECONDARY SCHOOL,MDM NG CHYI HUERN VERONICA
SPRINGFIELD SECONDARY SCHOOL,"MDM LOONG CHOO JUAN, JENNY"
BISHAN PARK SECONDARY SCHOOL,MDM GOH MIEN HUI VALERIE
CHUA CHU KANG SECONDARY SCHOOL,MR TAN KENG JOO
DAMAI SECONDARY SCHOOL,MR CHOW WEISI
CHONG BOON SECONDARY SCHOOL,MR YEO KUERK HENG
NORTHLAND SECONDARY SCHOOL,MDM TAN SIEW WOON
GREENVIEW SECONDARY SCHOOL,MR NG BOON KIAT
HONG KAH SECONDARY SCHOOL,MDM SUNG MEE HAR
PEIRCE SECONDARY SCHOOL,MDM LEE EET FONG
JURONGVILLE SECONDARY SCHOOL,MDM ONG FEI MIN
FAJAR SECONDARY SCHOOL,MISS HO SOOK FUN DORIS
KRANJI SECONDARY SCHOOL,MISS TAN HWEE PIN
JUYING SECONDARY SCHOOL,MR SEET TIAT HEE
WEST SPRING SECONDARY SCHOOL,MDM BETTY CHANG
JURONG WEST SECONDARY SCHOOL,MR MICHAEL MUHUNTHAN S/O SUBRAMANIAM
BEDOK GREEN SECONDARY SCHOOL,MR LIM YU KEE
PUNGGOL SECONDARY SCHOOL,MR KEH CHIN CHUAN BENEDICT
NORTH VISTA SECONDARY SCHOOL,MRS REGINA LEE
ADMIRALTY SECONDARY SCHOOL,MR TOH THIAM CHYE
PEI HWA SECONDARY SCHOOL,MDM YONG LI LING BELINDA
GREENDALE SECONDARY SCHOOL,MISS NG AMY
EDGEFIELD SECONDARY SCHOOL,MR LEE PECK PING
MERIDIAN SECONDARY SCHOOL,MDM TAN HWEE TSIAN HILDA
DUNMAN HIGH SCHOOL,MR LOW TECK ENG TONY
RIVER VALLEY HIGH SCHOOL,MRS TEO KHIN HIANG NEE LEE WAI TAI
AHMAD IBRAHIM SECONDARY SCHOOL,MISS CHEW ING LIM
BROADRICK SECONDARY SCHOOL,MDM TAN LAY HONG
BUKIT MERAH SECONDARY SCHOOL,MR CHENG GHEE HOCK TIMOTHY
BUKIT PANJANG GOVT. HIGH SCHOOL,MDM CHAN WAN SIONG
DUNMAN SECONDARY SCHOOL,MR SURESH S/O BALAKRISHNAN
JURONG SECONDARY SCHOOL,MDM TAN YOK CHING RUBY
NAVAL BASE SECONDARY SCHOOL,MR SULAIMAN B MOHAMAD YUSOF
OUTRAM SECONDARY SCHOOL,MR BOO HIAN KOK
YIO CHU KANG SECONDARY SCHOOL,"MDM HENG SUE LIN, JANICE"
YUAN CHING SECONDARY SCHOOL,MRS CHUAH-KOH ENG NGOH
BOON LAY SECONDARY SCHOOL,MR TAN CHOR PANG
BEDOK VIEW SECONDARY SCHOOL,MRS VALERIE PINTO
HUA YI SECONDARY SCHOOL,MISS GWEE SU PIN SANDRA
DEYI SECONDARY SCHOOL,MRS LIM AI POO
PING YI SECONDARY SCHOOL,MR ANG CHEE SENG
PEICAI SECONDARY SCHOOL,MR LIM KOK HWA
SHUQUN SECONDARY SCHOOL,MR N SIVARAJAN
PASIR RIS SECONDARY SCHOOL,MDM GRACE TAN BEE SIM
EAST VIEW SECONDARY SCHOOL,MISS LAU WAN SZE
GUANGYANG SECONDARY SCHOOL,MR KWOK CHIN POH BENJAMIN
RIVERSIDE SECONDARY SCHOOL,MDM SHANTI DEVI D/O THAMBUSAMY
ZHONGHUA SECONDARY SCHOOL,MR LOH LEONG BENG
SWISS COTTAGE SECONDARY SCHOOL,MR HENG YEW SENG
YUSOF ISHAK SECONDARY SCHOOL,MDM KOH HOON CHOO JESSIE
CHANGKAT CHANGI SECONDARY SCHOOL,MDM SHARMA POONAM KUMARI
TECK WHYE SECONDARY SCHOOL,MR CHAN YEW HENG EDWIN
DUNEARN SECONDARY SCHOOL,MDM TAN MIAO LING
NEW TOWN SECONDARY SCHOOL,MDM TAN SIEW HONG (MRS SNG)
QUEENSTOWN SECONDARY SCHOOL,MDM RASIDAH BTE RAHIM
SERANGOON GARDEN SECONDARY SCHOOL,MR TAY GHIM CHIEW STEPHEN
TANGLIN SECONDARY SCHOOL,MDM NG NGOING KENG
TANJONG KATONG SECONDARY SCHOOL,MRS DOLLY ONG KIM LENG
WOODLANDS RING SECONDARY SCHOOL,MDM NG SIEW BEE
ORCHID PARK SECONDARY SCHOOL,MR SHAWAL BIN HUSSIN
SEMBAWANG SECONDARY SCHOOL,MR JASWANT SINGH
SENG KANG SECONDARY SCHOOL,MR KOH YIAK KHENG
JUNYUAN SECONDARY SCHOOL,MR MOHAMED RAZALI B ABDUL HAMED
EAST SPRING SECONDARY SCHOOL,MR TEOH TEIK HOE
UNITY SECONDARY SCHOOL,MDM AINI BTE MAAROF
NORTHBROOKS SECONDARY SCHOOL,MR CHAN CHOON LOONG
PASIR RIS CREST SECONDARY SCHOOL,MR TAN SHUN LOONG
FUHUA SECONDARY SCHOOL,MISS FOONG LAI LEONG
MARSILING SECONDARY SCHOOL,MR GOH AIK CHOON
WOODGROVE SECONDARY SCHOOL,MR CHEE CHIT YENG
ZHENGHUA SECONDARY SCHOOL,MR LIN YUCHENG EUGENE
REGENT SECONDARY SCHOOL,MR LEONG KOK KEE
KENT RIDGE SECONDARY SCHOOL,MDM S SAROJA
WESTWOOD SECONDARY SCHOOL,MR ABDUL HARRIS B SUMARDI
CANBERRA SECONDARY SCHOOL,MR NG TIONG NAM
COMPASSVALE SECONDARY SCHOOL,MR CHIA CHOR YANN
EVERGREEN SECONDARY SCHOOL,MRS LIM CAROL
ANGLO-CHINESE SCHOOL (JUNIOR),MRS CHAILLAN MUI TUAN
CANOSSA CONVENT PRIMARY SCHOOL,MISS TAN LEE YIN GRACE
CHIJ PRIMARY (TOA PAYOH),MRS TAN SOON KEE MARGARET
CHIJ (KELLOCK),MDM CHIN MING YEW MAGDALENE
CHIJ OUR LADY OF THE NATIVITY,MDM CHRISTINA TEO
DE LA SALLE SCHOOL,MDM DAPHNE POON CHOR CHOO
ST. ANDREW'S JUNIOR SCHOOL,MISS NEO PHEI TZE PATSY
ST. ANTHONY'S CANOSSIAN PRIMARY SCHOOL,MDM SIA LU-MING EUGENIE
ST. GABRIEL'S PRIMARY SCHOOL,MRS CATHERINE CHIANG
ST. MARGARET'S PRIMARY SCHOOL,MISS PANG WEE MIAN
ST. JOSEPH'S INSTITUTION JUNIOR,MR GOH HENG LIANG TIMOTHY
ST. STEPHEN'S SCHOOL,MR KOH KIAN SENG THOMAS
CHIJ OUR LADY OF GOOD COUNSEL,MDM WOON MEEN FAYE CATHERINE
MONTFORT JUNIOR SCHOOL,MR WONG KENG YUIN WILBUR
CHIJ OUR LADY QUEEN OF PEACE,MDM LIM KIM GEK
FAIRFIELD METHODIST SCHOOL (PRIMARY),MDM LAW LI MEI
GEYLANG METHODIST SCHOOL (PRIMARY),MDM JENNIFER HAN ENG JUAN
KUO CHUAN PRESBYTERIAN PRIMARY SCHOOL,MDM TEO CHING LING
ST. HILDA'S PRIMARY SCHOOL,MDM KEW MEE YING
SINGAPORE CHINESE GIRLS' PRIMARY SCHOOL,MDM TAN YUNCHIN EUGENIA
METHODIST GIRLS' SCHOOL (PRIMARY),MISS NG WUN HAR GRACE
NAN CHIAU PRIMARY SCHOOL,MDM QUAH LI LING MAE
KONG HWA SCHOOL,MDM CHUA YE LING
MEE TOH SCHOOL,MR GAU POH TECK
NGEE ANN PRIMARY SCHOOL,MR KOE EE TIONG
RED SWASTIKA SCHOOL,MRS LEONG- TAN LING LING JENNY
TAO NAN SCHOOL,DR CHIN KIM WOON
NANYANG PRIMARY SCHOOL,MDM LER JIA LUEN
ST. ANTHONY'S PRIMARY SCHOOL,MISS CECILIA LIM SEOK CHENG
MAHA BODHI SCHOOL,MRS ELAINE QUEK-LIM HWEE BIN
PEI CHUN PUBLIC SCHOOL,MR LIM MENG WEI
POI CHING SCHOOL,MR MAH SENG THONG ANDREW
KHENG CHENG SCHOOL,MDM LEONG CHUI YIN SARAH
NAN HUA PRIMARY SCHOOL,MDM CHIA HUI KHIM
PEI HWA PRESBYTERIAN PRIMARY SCHOOL,MRS FOO SOOK FONG
AI TONG SCHOOL,MDM GOH LING LING DIANE
HONG WEN SCHOOL,MR POON SIOW LENG RAYMOND
HOLY INNOCENTS' PRIMARY SCHOOL,MDM QUEK SEOK NOI
PAYA LEBAR METHODIST GIRLS' SCHOOL (PRIMARY),MISS CHUA SOH LENG
CHONGFU SCHOOL,MDM FOO MUI CHUW
CHIJ (KATONG) PRIMARY,MDM CHUA SOOK LIAN JUDINA
ANGLO-CHINESE SCHOOL (PRIMARY),MR KOH SUNG- YI ARENE
ANGLO-CHINESE SCHOOL (INDEPENDENT),MR WINSTON JAMES HODGE
ASSUMPTION ENGLISH SCHOOL,MRS MABEL LEONG
CHIJ SECONDARY (TOA PAYOH),MRS KAREN TAY
GEYLANG METHODIST SCHOOL (SECONDARY),MR WEE TAT CHUEN
CHIJ KATONG CONVENT,MDM CHAN GEK SAN PATRICIA
MONTFORT SECONDARY SCHOOL,MR MARK GERARD MINJOOT
SINGAPORE CHINESE GIRLS' SCHOOL,MDM TAN YUNCHIN EUGENIA
ST. ANDREW'S SECONDARY SCHOOL,MRS TOH LUCY
ST. ANTHONY'S CANOSSIAN SECONDARY SCHOOL,MDM MAK LAI YING
ST. GABRIEL'S SECONDARY SCHOOL,MR STEPHEN CHIN
CHIJ ST. JOSEPH'S CONVENT,MISS HO SUSIE
ST. JOSEPH'S INSTITUTION,FR ADRIAN AUGUSTUS DANKER
ST. MARGARET'S SECONDARY SCHOOL,MDM LEE LIN YEE
ST. PATRICK'S SCHOOL,MR TAN CHIN ENG ADOLPHUS
CHIJ ST. THERESA'S CONVENT,MRS PAULINE WONG
CHRIST CHURCH SECONDARY SCHOOL,MR LAU YAN BOON DAVID
PAYA LEBAR METHODIST GIRLS' SCHOOL (SECONDARY),MRS QUEK LI GEK
YUYING SECONDARY SCHOOL,MR LO CHEE LIN
KUO CHUAN PRESBYTERIAN SECONDARY SCHOOL,MDM ELSIE JEREMIAH
ST. HILDA'S SECONDARY SCHOOL,MR KHOO TSE HORNG
METHODIST GIRLS' SCHOOL (SECONDARY),MISS NG WUN HAR GRACE
HAI SING CATHOLIC SCHOOL,MR ANG TECK SIANG DANIEL
ANGLO-CHINESE SCHOOL (BARKER ROAD),"MR TAN CHONG TZE, PETER"
ANGLICAN HIGH SCHOOL,MDM LEE WEE LIN MAUREEN
CATHOLIC HIGH SCHOOL,MDM SOH LAI LENG MAGDALEN
CHUNG CHENG HIGH SCHOOL (MAIN),MR CHAN YING YIN
CHUNG CHENG HIGH SCHOOL (YISHUN),MR YAP THIAM CHUAN
HOLY INNOCENTS' HIGH SCHOOL,MR YAP WAI MENG
MARIS STELLA HIGH SCHOOL,MRS WOO SOO MIN
NAN CHIAU HIGH SCHOOL,MR TAN YEE KAN
NANYANG GIRLS' HIGH SCHOOL,MDM HENG BOEY HONG
CHIJ ST. NICHOLAS GIRLS' SCHOOL,MDM FIONA YEO SU LING
MARYMOUNT CONVENT SCHOOL,MRS ALLISON LIM
MANJUSRI SECONDARY SCHOOL,MR SIM CHONG BOON
PRESBYTERIAN HIGH SCHOOL,MR OWYONG TUCK SING VICTOR
FAIRFIELD METHODIST SCHOOL (SECONDARY),MISS CHEN LI YING AUDREY
NGEE ANN SECONDARY SCHOOL,MR LIM TSUN KHEE ALBERT
SINGAPORE SPORTS SCHOOL,MR TAN TECK HOCK
NUS HIGH SCHOOL OF MATHEMATICS AND SCIENCE,MRS LEE BEE YANN
"SCHOOL OF THE ARTS, SINGAPORE",MDM LIM GEOK CHENG
NORTHLIGHT SCHOOL,MR MARTIN TAN SIEW KIN
ASSUMPTION PATHWAY SCHOOL,MR LEONG YEW HON ERIC
"SCHOOL OF SCIENCE AND TECHNOLOGY, SINGAPORE",MRS LINDA CHAN
CREST SECONDARY SCHOOL,MR YEO KOK PENG FREDERICK
SPECTRA SECONDARY SCHOOL,MR KRISHNAN ARAVINTHAN
