﻿post_secondary_course,year,percentage
Pre-University Courses,2003,28
Pre-University Courses,2004,28.1
Pre-University Courses,2005,28.1
Pre-University Courses,2006,28.2
Pre-University Courses,2007,28.3
Pre-University Courses,2008,28
Pre-University Courses,2009,27.6
Pre-University Courses,2010,27.5
Pre-University Courses,2011,27
Pre-University Courses,2012,27.8
Pre-University Courses,2013,28.1
Pre-University Courses,2014,27.9
Pre-University Courses,2015,27.7
Pre-University Courses,2016,28.3
Pre-University Courses,2017,28.3
Pre-University Courses,2018,29.3
Pre-University Courses,2019,28.5
Nitec/Higher Nitec Course [full-time],2003,22.1
Nitec/Higher Nitec Course [full-time],2004,21.6
Nitec/Higher Nitec Course [full-time],2005,21
Nitec/Higher Nitec Course [full-time],2006,21.5
Nitec/Higher Nitec Course [full-time],2007,20.6
Nitec/Higher Nitec Course [full-time],2008,20.5
Nitec/Higher Nitec Course [full-time],2009,20.9
Nitec/Higher Nitec Course [full-time],2010,20.6
Nitec/Higher Nitec Course [full-time],2011,21
Nitec/Higher Nitec Course [full-time],2012,20.8
Nitec/Higher Nitec Course [full-time],2013,22.4
Nitec/Higher Nitec Course [full-time],2014,23.5
Nitec/Higher Nitec Course [full-time],2015,24.2
Nitec/Higher Nitec Course [full-time],2016,24.2
Nitec/Higher Nitec Course [full-time],2017,24.6
Nitec/Higher Nitec Course [full-time],2018,25
Nitec/Higher Nitec Course [full-time],2019,24.9
Publicly-Funded Diploma Courses [full-time],2003,37.6
Publicly-Funded Diploma Courses [full-time],2004,39.4
Publicly-Funded Diploma Courses [full-time],2005,40.9
Publicly-Funded Diploma Courses [full-time],2006,40.9
Publicly-Funded Diploma Courses [full-time],2007,43.3
Publicly-Funded Diploma Courses [full-time],2008,44.7
Publicly-Funded Diploma Courses [full-time],2009,45.7
Publicly-Funded Diploma Courses [full-time],2010,46.9
Publicly-Funded Diploma Courses [full-time],2011,47.5
Publicly-Funded Diploma Courses [full-time],2012,47.7
Publicly-Funded Diploma Courses [full-time],2013,47.8
Publicly-Funded Diploma Courses [full-time],2014,48.6
Publicly-Funded Diploma Courses [full-time],2015,48.2
Publicly-Funded Diploma Courses [full-time],2016,48.4
Publicly-Funded Diploma Courses [full-time],2017,48.3
Publicly-Funded Diploma Courses [full-time],2018,47
Publicly-Funded Diploma Courses [full-time],2019,48.5
Publicly-Funded Degree Courses [full-time],2003,23.2
Publicly-Funded Degree Courses [full-time],2004,23.6
Publicly-Funded Degree Courses [full-time],2005,24.3
Publicly-Funded Degree Courses [full-time],2006,24
Publicly-Funded Degree Courses [full-time],2007,25.1
Publicly-Funded Degree Courses [full-time],2008,24.8
Publicly-Funded Degree Courses [full-time],2009,25.2
Publicly-Funded Degree Courses [full-time],2010,26.4
Publicly-Funded Degree Courses [full-time],2011,27.8
Publicly-Funded Degree Courses [full-time],2012,29.5
Publicly-Funded Degree Courses [full-time],2013,30.8
Publicly-Funded Degree Courses [full-time],2014,32.4
Publicly-Funded Degree Courses [full-time],2015,33.8
Publicly-Funded Degree Courses [full-time],2016,35.5
Publicly-Funded Degree Courses [full-time],2017,36.8
Publicly-Funded Degree Courses [full-time],2018,37.8
Publicly-Funded Degree Courses [full-time],2019,38.4
